from,to,year,award,weight,category,project
Aaron Sorkin,Golden Globe,2022,Golden Globe,1,writing,Being the Ricardos
Aaron Sorkin,BAFTA,2022,BAFTA,1,writing,Being the Ricardos
Abby Elliott,Golden Globe,2024,Golden Globe,1,acting,The Bear
Adam Brody,Golden Globe,2025,Golden Globe,1,acting,Nobody Wants This
Adam Driver,Golden Globe,2023,Golden Globe,1,acting,White Noise
Adam McKay,Oscar,2022,Oscar,1,writing,Don't Look Up
Adam McKay,Golden Globe,2022,Golden Globe,1,writing,Don't Look Up
Adam McKay,BAFTA,2022,BAFTA,1,writing,Don't Look Up
Adam Scott,Golden Globe,2023,Golden Globe,1,acting,Severance
Adeel Akhtar,BAFTA,2022,BAFTA,1,acting,Ali & Ava
Adrien Brody,Oscar,2025,Oscar,2,acting,The Brutalist
Adrien Brody,Golden Globe,2025,Golden Globe,2,acting,The Brutalist
Adrien Brody,BAFTA,2025,BAFTA,2,acting,The Brutalist
Ala Haim,Golden Globe,2022,Golden Globe,1,acting,Licorice Pizza
Ala Haim,BAFTA,2022,BAFTA,1,acting,Licorice Pizza
Alan Ruck,Golden Globe,2024,Golden Globe,1,acting,Succession
Aleem Khan,BAFTA,2022,BAFTA,1,directing,After Love
Alex David,Oscar,2025,Oscar,1,writing,September 5
Alex Mechanik,Oscar,2024,Oscar,1,writing,May December
Alexander Payne,BAFTA,2024,BAFTA,1,directing,The Holdovers
Alexander Skarsgård,Golden Globe,2024,Golden Globe,1,acting,Succession
Ali Wong,Golden Globe,2024,Golden Globe,2,acting,Beef
Allison Janney,Golden Globe,2025,Golden Globe,1,acting,The Diplomat
Alma Pöysti,Golden Globe,2024,Golden Globe,1,acting,Fallen Leaves
Amanda Seyfried,Golden Globe,2023,Golden Globe,2,acting,The Dropout
America Ferrera,Oscar,2024,Oscar,1,acting,Barbie
Amy Adams,Golden Globe,2025,Golden Globe,1,acting,Nightbitch
An Sawai,Golden Globe,2025,Golden Globe,2,acting,Shogun
Ana de Armas,Oscar,2023,Oscar,1,acting,Blonde
Ana de Armas,Golden Globe,2023,Golden Globe,1,acting,Blonde
Ana de Armas,BAFTA,2023,BAFTA,1,acting,Blonde
Andie MacDowell,Golden Globe,2022,Golden Globe,1,acting,Maid
Andrea Riseborough,Oscar,2023,Oscar,1,acting,To Leslie
Andrew Garfield,Oscar,2022,Oscar,1,acting,"tick, tick...BOOM!"
Andrew Garfield,Golden Globe,2022,Golden Globe,2,acting,"tick, tick...BOOM!"
Andrew Garfield,Golden Globe,2023,Golden Globe,1,acting,Under the Banner of Heaven
Andrew Haigh,BAFTA,2024,BAFTA,1,directing,All of Us Strangers
Andrew Haigh,BAFTA,2024,BAFTA,1,writing,All of Us Strangers
Andrew Scott,Golden Globe,2024,Golden Globe,1,acting,All of Us Strangers
Andrew Scott,Golden Globe,2025,Golden Globe,1,acting,Ripley
Angela Bassett,Oscar,2023,Oscar,1,acting,Black Panther: Wakanda Forever
Angela Bassett,Golden Globe,2023,Golden Globe,2,acting,Black Panther: Wakanda Forever
Angelina Jolie,Golden Globe,2025,Golden Globe,1,acting,Maria
Annette Bening,Oscar,2024,Oscar,1,acting,Nyad
Annette Bening,Golden Globe,2024,Golden Globe,1,acting,Nyad
Anthony Anderson,Golden Globe,2022,Golden Globe,1,acting,Black-ish
Anthony Ramos,Golden Globe,2022,Golden Globe,1,acting,In the Heights
Anya Taylor-Joy,Golden Globe,2023,Golden Globe,1,acting,The Menu
Ariana DeBose,Oscar,2022,Oscar,2,acting,West Side Story (2021)
Ariana DeBose,Golden Globe,2022,Golden Globe,2,acting,West Side Story (2021)
Ariana Grande,Oscar,2025,Oscar,1,acting,Wicked
Ariana Grande,Golden Globe,2025,Golden Globe,1,acting,Wicked
Arthur Harari,Oscar,2024,Oscar,2,writing,Anatomy of a Fall
Arthur Harari,Golden Globe,2024,Golden Globe,2,writing,Anatomy of a Fall
Arthur Harari,BAFTA,2024,BAFTA,2,writing,Anatomy of a Fall
Audrey Diwan,BAFTA,2022,BAFTA,1,directing,Happening
Aunjanue Ellis,Oscar,2022,Oscar,1,acting,King Richard
Aunjanue Ellis,Golden Globe,2022,Golden Globe,1,acting,King Richard
Austin Butler,Oscar,2023,Oscar,1,acting,Elvis
Austin Butler,Golden Globe,2023,Golden Globe,2,acting,Elvis
Austin Butler,BAFTA,2023,BAFTA,2,acting,Elvis
Ayo Edebiri,Golden Globe,2025,Golden Globe,1,acting,The Bear
Ayo Edebiri,Golden Globe,2024,Golden Globe,2,acting,The Bear
Barry Keoghan,Golden Globe,2024,Golden Globe,1,acting,Saltburn
Barry Keoghan,BAFTA,2024,BAFTA,1,acting,Saltburn
Barry Keoghan,Oscar,2023,Oscar,1,acting,The Banshees of Inisherin
Barry Keoghan,Golden Globe,2023,Golden Globe,1,acting,The Banshees of Inisherin
Baz Luhrmann,Golden Globe,2023,Golden Globe,1,directing,Elvis
Bella Ramsey,Golden Globe,2024,Golden Globe,1,acting,The Last of Us
Ben Affleck,Golden Globe,2022,Golden Globe,1,acting,The Tender Bar
Benedict Cumberbatch,Oscar,2022,Oscar,1,acting,The Power of the Dog
Benedict Cumberbatch,Golden Globe,2022,Golden Globe,1,acting,The Power of the Dog
Benedict Cumberbatch,BAFTA,2022,BAFTA,1,acting,The Power of the Dog
Bill Hader,Golden Globe,2024,Golden Globe,1,acting,Barry
Bill Hader,Golden Globe,2023,Golden Globe,1,acting,Barry
Bill Nighy,Oscar,2023,Oscar,1,acting,Living
Bill Nighy,Golden Globe,2023,Golden Globe,1,acting,Living
Bill Nighy,BAFTA,2023,BAFTA,1,acting,Living
Billy Bob Thornton,Golden Globe,2025,Golden Globe,1,acting,Landman
Billy Crudup,Golden Globe,2024,Golden Globe,1,acting,The Morning Show
Billy Crudup,Golden Globe,2022,Golden Globe,1,acting,The Morning Show
Billy Porter,Golden Globe,2022,Golden Globe,1,acting,Pose
Bob Odenkirk,Golden Globe,2023,Golden Globe,1,acting,Better Call Saul
Brad Pitt,Golden Globe,2023,Golden Globe,1,acting,Babylon
Bradley Cooper,Oscar,2024,Oscar,1,acting,Maestro
Bradley Cooper,Golden Globe,2024,Golden Globe,1,acting,Maestro
Bradley Cooper,BAFTA,2024,BAFTA,1,acting,Maestro
Bradley Cooper,Golden Globe,2024,Golden Globe,1,directing,Maestro
Bradley Cooper,BAFTA,2024,BAFTA,1,directing,Maestro
Bradley Cooper,Oscar,2024,Oscar,1,writing,Maestro
Bradley Cooper,BAFTA,2024,BAFTA,1,writing,Maestro
Brady Corbet,Oscar,2025,Oscar,1,directing,The Brutalist
Brady Corbet,Golden Globe,2025,Golden Globe,2,directing,The Brutalist
Brady Corbet,Oscar,2025,Oscar,1,writing,The Brutalist
Brady Corbet,Golden Globe,2025,Golden Globe,1,writing,The Brutalist
Brady Corbet,BAFTA,2025,BAFTA,1,writing,The Brutalist
Brady Corbet,BAFTA,2025,BAFTA,2,directing,The Brutalist
Brendan Fraser,Oscar,2023,Oscar,2,acting,The Whale
Brendan Fraser,Golden Globe,2023,Golden Globe,1,acting,The Whale
Brendan Fraser,BAFTA,2023,BAFTA,1,acting,The Whale
Brendan Gleeson,Oscar,2023,Oscar,1,acting,The Banshees of Inisherin
Brendan Gleeson,Golden Globe,2023,Golden Globe,1,acting,The Banshees of Inisherin
Brett Goldstein,Golden Globe,2022,Golden Globe,1,acting,Ted Lasso
Brian Cox,Golden Globe,2024,Golden Globe,1,acting,Succession
Brian Cox,Golden Globe,2022,Golden Globe,1,acting,Succession
Brian Tyree Henry,Oscar,2023,Oscar,1,acting,Causeway
Brie Larson,Golden Globe,2024,Golden Globe,1,acting,Lessons in Chemistry
Cailee Spaeny,Golden Globe,2024,Golden Globe,1,acting,Priscilla
Caitriona Balfe,Golden Globe,2022,Golden Globe,1,acting,Belfast
Carey Mulligan,Oscar,2024,Oscar,1,acting,Maestro
Carey Mulligan,Golden Globe,2024,Golden Globe,1,acting,Maestro
Carey Mulligan,BAFTA,2024,BAFTA,1,acting,Maestro
Carey Mulligan,Golden Globe,2023,Golden Globe,1,acting,She Said
Cate Blanchett,Golden Globe,2025,Golden Globe,1,acting,Disclaimer
Cate Blanchett,Oscar,2023,Oscar,1,acting,TÁR
Cate Blanchett,Golden Globe,2023,Golden Globe,2,acting,TÁR
Cate Blanchett,BAFTA,2023,BAFTA,2,acting,TÁR
Celine Song,Golden Globe,2024,Golden Globe,1,directing,Past Lives
Celine Song,Oscar,2024,Oscar,1,writing,Past Lives
Celine Song,Golden Globe,2024,Golden Globe,1,writing,Past Lives
Celine Song,BAFTA,2024,BAFTA,1,writing,Past Lives
Charles Melton,Golden Globe,2024,Golden Globe,1,acting,May December
Christina Ricci,Golden Globe,2024,Golden Globe,1,acting,Yellowjackets
Christine Baranski,Golden Globe,2022,Golden Globe,1,acting,The Good Fight
Christopher McQuarrie,Oscar,2023,Oscar,1,writing,Top Gun: Maverick
Christopher Nolan,Oscar,2024,Oscar,2,directing,Oppenheimer
Christopher Nolan,Golden Globe,2024,Golden Globe,2,directing,Oppenheimer
Christopher Nolan,BAFTA,2024,BAFTA,2,directing,Oppenheimer
Christopher Nolan,Oscar,2024,Oscar,1,writing,Oppenheimer
Christopher Nolan,Golden Globe,2024,Golden Globe,1,writing,Oppenheimer
Christopher Nolan,BAFTA,2024,BAFTA,1,writing,Oppenheimer
Ciarán Hinds,Oscar,2022,Oscar,1,acting,Belfast
Ciarán Hinds,Golden Globe,2022,Golden Globe,1,acting,Belfast
Cillian Murphy,Oscar,2024,Oscar,2,acting,Oppenheimer
Cillian Murphy,Golden Globe,2024,Golden Globe,2,acting,Oppenheimer
Cillian Murphy,BAFTA,2024,BAFTA,2,acting,Oppenheimer
Clarence Maclin,Oscar,2025,Oscar,1,writing,Sing Sing
Clarence Maclin,BAFTA,2025,BAFTA,1,writing,Sing Sing
Clint Bentley,Oscar,2025,Oscar,1,writing,Sing Sing
Clint Bentley,BAFTA,2025,BAFTA,1,writing,Sing Sing
Colin Farrell,Oscar,2023,Oscar,1,acting,The Banshees of Inisherin
Colin Farrell,Golden Globe,2023,Golden Globe,2,acting,The Banshees of Inisherin
Colin Farrell,BAFTA,2023,BAFTA,1,acting,The Banshees of Inisherin
Colin Farrell,Golden Globe,2025,Golden Globe,2,acting,The Penguin
Colin Firth,Golden Globe,2023,Golden Globe,1,acting,The Staircase
Colm Bairéad,BAFTA,2023,BAFTA,1,writing,The Quiet Girl
Colman Domingo,Oscar,2024,Oscar,1,acting,Rustin
Colman Domingo,Golden Globe,2024,Golden Globe,1,acting,Rustin
Colman Domingo,BAFTA,2024,BAFTA,1,acting,Rustin
Colman Domingo,Oscar,2025,Oscar,1,acting,Sing Sing
Colman Domingo,Golden Globe,2025,Golden Globe,1,acting,Sing Sing
Colman Domingo,BAFTA,2025,BAFTA,1,acting,Sing Sing
Cooper Hoffman,Golden Globe,2022,Golden Globe,1,acting,Licorice Pizza
Cooper Koch,Golden Globe,2025,Golden Globe,1,acting,Monsters: The Lyle and Erik Menendez Story
Coralie Fargeat,Oscar,2025,Oscar,1,directing,The Substance
Coralie Fargeat,Golden Globe,2025,Golden Globe,1,directing,The Substance
Coralie Fargeat,BAFTA,2025,BAFTA,1,directing,The Substance
Coralie Fargeat,Oscar,2025,Oscar,1,writing,The Substance
Coralie Fargeat,Golden Globe,2025,Golden Globe,1,writing,The Substance
Coralie Fargeat,BAFTA,2025,BAFTA,1,writing,The Substance
Cord Jefferson,Oscar,2024,Oscar,2,writing,American Fiction
Cord Jefferson,BAFTA,2024,BAFTA,2,writing,American Fiction
Cristin Milioti,Golden Globe,2025,Golden Globe,1,acting,The Penguin
Cynthia Erivo,Golden Globe,2022,Golden Globe,1,acting,Genius: Aretha
Cynthia Erivo,Oscar,2025,Oscar,1,acting,Wicked
Cynthia Erivo,Golden Globe,2025,Golden Globe,1,acting,Wicked
Cynthia Erivo,BAFTA,2025,BAFTA,1,acting,Wicked
Da'Vine Joy Randolph,Oscar,2024,Oscar,2,acting,The Holdovers
Da'Vine Joy Randolph,Golden Globe,2024,Golden Globe,2,acting,The Holdovers
Daisy Edgar-Jones,Golden Globe,2023,Golden Globe,1,acting,Under the Banner of Heaven
Dakota Fanning,Golden Globe,2025,Golden Globe,1,acting,Ripley
Daniel Craig,Golden Globe,2023,Golden Globe,1,acting,Glass Onion: A Knives Out Mystery
Daniel Craig,Golden Globe,2025,Golden Globe,1,acting,Queer
Daniel Kwan,Oscar,2023,Oscar,2,directing,Everything Everywhere All at Once
Daniel Kwan,Golden Globe,2023,Golden Globe,1,directing,Everything Everywhere All at Once
Daniel Kwan,BAFTA,2023,BAFTA,1,directing,Everything Everywhere All at Once
Daniel Kwan,Oscar,2023,Oscar,2,writing,Everything Everywhere All at Once
Daniel Kwan,Golden Globe,2023,Golden Globe,1,writing,Everything Everywhere All at Once
Daniel Kwan,BAFTA,2023,BAFTA,1,writing,Everything Everywhere All at Once
Daniel Scheinert,Oscar,2023,Oscar,2,directing,Everything Everywhere All at Once
Daniel Scheinert,Golden Globe,2023,Golden Globe,1,directing,Everything Everywhere All at Once
Daniel Scheinert,BAFTA,2023,BAFTA,1,directing,Everything Everywhere All at Once
Daniel Scheinert,Oscar,2023,Oscar,2,writing,Everything Everywhere All at Once
Daniel Scheinert,Golden Globe,2023,Golden Globe,1,writing,Everything Everywhere All at Once
Daniel Scheinert,BAFTA,2023,BAFTA,1,writing,Everything Everywhere All at Once
Danielle Brooks,Oscar,2024,Oscar,1,acting,The Color Purple (2023)
Danielle Brooks,Golden Globe,2024,Golden Globe,1,acting,The Color Purple (2023)
Danielle Deadwyler,BAFTA,2023,BAFTA,1,acting,Till
Daryl McCormack,BAFTA,2023,BAFTA,1,acting,"Good Luck to You, Leo Grande"
David Hemingson,Oscar,2024,Oscar,1,writing,The Holdovers
David Hemingson,BAFTA,2024,BAFTA,1,writing,The Holdovers
David Oyelowo,Golden Globe,2024,Golden Globe,1,acting,Lawmen: Bass Reeves
David Sirota,Oscar,2022,Oscar,1,writing,Don't Look Up
Demi Moore,Oscar,2025,Oscar,1,acting,The Substance
Demi Moore,Golden Globe,2025,Golden Globe,2,acting,The Substance
Demi Moore,BAFTA,2025,BAFTA,1,acting,The Substance
Denis Villeneuve,Golden Globe,2022,Golden Globe,1,directing,Dune
Denis Villeneuve,Oscar,2022,Oscar,1,writing,Dune
Denis Villeneuve,BAFTA,2022,BAFTA,1,writing,Dune
Denis Villeneuve,BAFTA,2025,BAFTA,1,directing,Dune: Part Two
Denzel Washington,Golden Globe,2025,Golden Globe,1,acting,Gladiator II
Denzel Washington,Oscar,2022,Oscar,2,acting,The Tragedy of Macbeth
Denzel Washington,Golden Globe,2022,Golden Globe,1,acting,The Tragedy of Macbeth
Diego Calva,Golden Globe,2023,Golden Globe,1,acting,Babylon
Diego Luna,Golden Globe,2023,Golden Globe,1,acting,Andor
Diego Luna,Golden Globe,2025,Golden Globe,1,acting,La Máquina
Dolly de Leon,Golden Globe,2023,Golden Globe,1,acting,Triangle of Sadness
Domhnall Gleeson,Golden Globe,2023,Golden Globe,1,acting,The Patient
Dominic West,Golden Globe,2024,Golden Globe,1,acting,The Crown
Donald Glover,Golden Globe,2023,Golden Globe,1,acting,Atlanta
Donald Glover,Golden Globe,2025,Golden Globe,1,acting,Mr. & Mrs. Smith
Ebon Moss–Bachrach,Golden Globe,2025,Golden Globe,1,acting,The Bear
Ebon Moss–Bachrach,Golden Globe,2024,Golden Globe,1,acting,The Bear
Eddie Redmayne,Golden Globe,2025,Golden Globe,1,acting,The Day of the Jackal
Eddie Redmayne,Golden Globe,2023,Golden Globe,1,acting,The Good Nurse
Edward Berger,BAFTA,2023,BAFTA,2,directing,All Quiet on the Western Front
Edward Berger,Oscar,2023,Oscar,1,writing,All Quiet on the Western Front
Edward Berger,BAFTA,2023,BAFTA,2,writing,All Quiet on the Western Front
Edward Berger,Golden Globe,2025,Golden Globe,1,directing,Conclave
Edward Berger,BAFTA,2025,BAFTA,1,directing,Conclave
Edward Norton,Oscar,2025,Oscar,1,acting,A Complete Unknown
Edward Norton,Golden Globe,2025,Golden Globe,1,acting,A Complete Unknown
Ehren Kruger ,Oscar,2023,Oscar,1,writing,Top Gun: Maverick
Elisabeth Moss,Golden Globe,2022,Golden Globe,1,acting,The Handmaid's Tale
Elizabeth Debicki,Golden Globe,2024,Golden Globe,2,acting,The Crown
Elizabeth Debicki,Golden Globe,2023,Golden Globe,1,acting,The Crown
Elizabeth Olsen,Golden Globe,2024,Golden Globe,1,acting,Love & Death
Elizabeth Olsen,Golden Globe,2022,Golden Globe,1,acting,WandaVision
Elle Fanning,Golden Globe,2024,Golden Globe,1,acting,The Great
Elle Fanning,Golden Globe,2022,Golden Globe,1,acting,The Great
Emilia Jones,BAFTA,2022,BAFTA,1,acting,CODA
Emily Blunt,Oscar,2024,Oscar,1,acting,Oppenheimer
Emily Blunt,Golden Globe,2024,Golden Globe,1,acting,Oppenheimer
Emma D’Arcy,Golden Globe,2025,Golden Globe,1,acting,House of the Dragon
Emma D’Arcy,Golden Globe,2023,Golden Globe,1,acting,House of the Dragon
Emma Stone,Golden Globe,2022,Golden Globe,1,acting,Cruella
Emma Stone,Oscar,2024,Oscar,2,acting,Poor Things
Emma Stone,Golden Globe,2024,Golden Globe,2,acting,Poor Things
Emma Stone,BAFTA,2024,BAFTA,2,acting,Poor Things
Emma Thompson,Golden Globe,2023,Golden Globe,1,acting,"Good Luck to You, Leo Grande"
Emma Thompson,BAFTA,2023,BAFTA,1,acting,"Good Luck to You, Leo Grande"
Eric Roth,Oscar,2022,Oscar,1,writing,Dune
Eric Roth,BAFTA,2022,BAFTA,1,writing,Dune
Eric Roth,Golden Globe,2024,Golden Globe,1,writing,Killers of the Flower Moon
Eric Warren Singer,Oscar,2023,Oscar,1,writing,Top Gun: Maverick
Eskil Vogt,Oscar,2022,Oscar,1,writing,The Worst Person in the World
Evan Peters,Golden Globe,2023,Golden Globe,2,acting,Dahmer - Monster: The Jeffrey Dahmer Story
Ewan McGregor,Golden Globe,2025,Golden Globe,1,acting,A Gentleman in Moscow
Ewan McGregor,Golden Globe,2022,Golden Globe,1,acting,Halston
F. Murray Abraham,Golden Globe,2023,Golden Globe,1,acting,The White Lotus
Fantasia Barrino,BAFTA,2024,BAFTA,1,acting,The Color Purple (2023)
Fantasia Barrino,Golden Globe,2024,Golden Globe,1,acting,The Color Purple (2023)
Felicity Jones,Oscar,2025,Oscar,1,acting,The Brutalist
Felicity Jones,Golden Globe,2025,Golden Globe,1,acting,The Brutalist
Fernanda Torres,Oscar,2025,Oscar,1,acting,I'm Still Here
Fernanda Torres,Golden Globe,2025,Golden Globe,2,acting,I'm Still Here
Gabriel LaBelle,Golden Globe,2025,Golden Globe,1,acting,Saturday Night
Gary Oldman,Golden Globe,2025,Golden Globe,1,acting,Slow Horses
Gary Oldman,Golden Globe,2024,Golden Globe,1,acting,Slow Horses
Gi Prince-Bythewood,BAFTA,2023,BAFTA,1,directing,The Woman King
Glen Powell,Golden Globe,2025,Golden Globe,1,acting,Hit Man
Greg Kwedar,Oscar,2025,Oscar,1,writing,Sing Sing
Greg Kwedar,BAFTA,2025,BAFTA,1,writing,Sing Sing
Greta Gerwig,Golden Globe,2024,Golden Globe,1,directing,Barbie
Greta Gerwig,Oscar,2024,Oscar,1,writing,Barbie
Greta Gerwig,Golden Globe,2024,Golden Globe,1,writing,Barbie
Greta Gerwig,BAFTA,2024,BAFTA,1,writing,Barbie
Greta Lee,Golden Globe,2024,Golden Globe,1,acting,Past Lives
Guy Pearce,Oscar,2025,Oscar,1,acting,The Brutalist
Guy Pearce,Golden Globe,2025,Golden Globe,1,acting,The Brutalist
Hannah Einbinder,Golden Globe,2025,Golden Globe,1,acting,Hacks
Hannah Einbinder,Golden Globe,2023,Golden Globe,1,acting,Hacks
Hannah Einbinder,Golden Globe,2022,Golden Globe,1,acting,Hacks
Hannah Waddingham,Golden Globe,2024,Golden Globe,1,acting,Ted Lasso
Hannah Waddingham,Golden Globe,2022,Golden Globe,1,acting,Ted Lasso
Harrison Ford,Golden Globe,2025,Golden Globe,1,acting,Shrinking
Helen Mirren,Golden Globe,2024,Golden Globe,1,acting,1923
Henry Winkler,Golden Globe,2023,Golden Globe,1,acting,Barry
Hilary Swank,Golden Globe,2023,Golden Globe,1,acting,Alaska Daily
Hiroyuki Sanada,Golden Globe,2025,Golden Globe,2,acting,Shogun
Hong Chau,Oscar,2023,Oscar,1,acting,The Whale
Hugh Grant,Golden Globe,2025,Golden Globe,1,acting,Heretic
Hugh Grant,BAFTA,2025,BAFTA,1,acting,Heretic
Hugh Jackman,Golden Globe,2023,Golden Globe,1,acting,The Son
Ian Stokell,Oscar,2023,Oscar,1,writing,All Quiet on the Western Front
Ian Stokell,BAFTA,2023,BAFTA,2,writing,All Quiet on the Western Front
Imelda Staunton,Golden Globe,2024,Golden Globe,2,acting,The Crown
Imelda Staunton,Golden Globe,2023,Golden Globe,1,acting,The Crown
Isabella Rossellini,Oscar,2025,Oscar,1,acting,Conclave
Isabella Rossellini,Golden Globe,2025,Golden Globe,1,acting,Conclave
Issa Rae,Golden Globe,2022,Golden Globe,1,acting,Insecure
J. Smith-Cameron,Golden Globe,2024,Golden Globe,1,acting,Succession
J.J. Ó Dochartaigh,BAFTA,2025,BAFTA,1,writing,Kneecap
J.K. Simmons,Oscar,2022,Oscar,1,acting,Being the Ricardos
Jack Lowden,Golden Globe,2025,Golden Globe,1,acting,Slow Horses
Jacques Audiard,Oscar,2025,Oscar,1,directing,Emilia Pérez
Jacques Audiard,Golden Globe,2025,Golden Globe,1,directing,Emilia Pérez
Jacques Audiard,BAFTA,2025,BAFTA,1,directing,Emilia Pérez
Jacques Audiard,Oscar,2025,Oscar,1,writing,Emilia Pérez
Jacques Audiard,Golden Globe,2025,Golden Globe,1,writing,Emilia Pérez
Jacques Audiard,BAFTA,2025,BAFTA,1,writing,Emilia Pérez
Jake Gyllenhaal,Golden Globe,2025,Golden Globe,1,acting,Presumed Innocent
James Cameron,Golden Globe,2023,Golden Globe,1,directing,Avatar: The Way of Water
James Mangold,Oscar,2025,Oscar,1,directing,A Complete Unknown
James Mangold,Oscar,2025,Oscar,1,writing,A Complete Unknown
James Mangold,BAFTA,2025,BAFTA,1,writing,A Complete Unknown
James Marsden,Golden Globe,2024,Golden Globe,1,acting,Jury Duty
Jamie Dorn,Golden Globe,2022,Golden Globe,1,acting,Belfast
Jamie Lee Curtis,Oscar,2023,Oscar,2,acting,Everything Everywhere All at Once
Jamie Lee Curtis,Golden Globe,2023,Golden Globe,1,acting,Everything Everywhere All at Once
Jane Campion,Oscar,2022,Oscar,2,directing,The Power of the Dog
Jane Campion,Golden Globe,2022,Golden Globe,2,directing,The Power of the Dog
Jane Campion,BAFTA,2022,BAFTA,2,directing,The Power of the Dog
Jane Campion,Oscar,2022,Oscar,1,writing,The Power of the Dog
Jane Campion,Golden Globe,2022,Golden Globe,1,writing,The Power of the Dog
Jane Campion,BAFTA,2022,BAFTA,1,writing,The Power of the Dog
Janelle James,Golden Globe,2023,Golden Globe,1,acting,Abbott Elementary
Jason Segel,Golden Globe,2025,Golden Globe,1,acting,Shrinking
Jason Segel,Golden Globe,2024,Golden Globe,1,acting,Shrinking
Jason Sudeikis,Golden Globe,2024,Golden Globe,1,acting,Ted Lasso
Jason Sudeikis,Golden Globe,2022,Golden Globe,2,acting,Ted Lasso
Javier Bardem,Oscar,2022,Oscar,1,acting,Being the Ricardos
Javier Bardem,Golden Globe,2022,Golden Globe,1,acting,Being the Ricardos
Javier Bardem,Golden Globe,2025,Golden Globe,1,acting,Monsters: The Lyle and Erik Menendez Story
Jay Cocks,Oscar,2025,Oscar,1,writing,A Complete Unknown
Jay Cocks,BAFTA,2025,BAFTA,1,writing,A Complete Unknown
Jean Smart,Golden Globe,2025,Golden Globe,2,acting,Hacks
Jean Smart,Golden Globe,2023,Golden Globe,1,acting,Hacks
Jean Smart,Golden Globe,2022,Golden Globe,2,acting,Hacks
Jeff Bridges,Golden Globe,2023,Golden Globe,1,acting,The Old Man
Jeffrey Wright,Oscar,2024,Oscar,1,acting,American Fiction
Jeffrey Wright,Golden Globe,2024,Golden Globe,1,acting,American Fiction
Jenna Ortega,Golden Globe,2023,Golden Globe,1,acting,Wednesday
Jennifer Aniston,Golden Globe,2022,Golden Globe,1,acting,The Morning Show
Jennifer Coolidge,Golden Globe,2023,Golden Globe,2,acting,The White Lotus
Jennifer Coolidge,Golden Globe,2022,Golden Globe,1,acting,The White Lotus
Jennifer Lawrence,Golden Globe,2022,Golden Globe,1,acting,Don't Look Up
Jennifer Lawrence,Golden Globe,2024,Golden Globe,1,acting,No Hard Feelings
Jeremy Allen White,Golden Globe,2025,Golden Globe,2,acting,The Bear
Jeremy Allen White,Golden Globe,2024,Golden Globe,2,acting,The Bear
Jeremy Allen White,Golden Globe,2023,Golden Globe,2,acting,The Bear
Jeremy Pope,Golden Globe,2023,Golden Globe,1,acting,The Inspection
Jeremy Strong,Golden Globe,2024,Golden Globe,1,acting,Succession
Jeremy Strong,Golden Globe,2022,Golden Globe,2,acting,Succession
Jeremy Strong,Oscar,2025,Oscar,1,acting,The Apprentice
Jeremy Strong,Golden Globe,2025,Golden Globe,1,acting,The Apprentice
Jesse Eisenberg,Golden Globe,2025,Golden Globe,1,acting,A Real Pain
Jesse Eisenberg,Oscar,2025,Oscar,1,writing,A Real Pain
Jesse Eisenberg,Golden Globe,2025,Golden Globe,1,writing,A Real Pain
Jesse Eisenberg,BAFTA,2025,BAFTA,2,writing,A Real Pain
Jesse Plemons,Golden Globe,2025,Golden Globe,1,acting,Kinds of Kindness
Jesse Plemons,Oscar,2022,Oscar,1,acting,The Power of the Dog
Jessica Chastain,Golden Globe,2023,Golden Globe,1,acting,George & Tammy
Jessica Chastain,Golden Globe,2022,Golden Globe,1,acting,Scenes from a Marriage
Jessica Chastain,Oscar,2022,Oscar,2,acting,The Eyes of Tammy Faye
Jessica Chastain,Golden Globe,2022,Golden Globe,1,acting,The Eyes of Tammy Faye
Jessica Gunning,Golden Globe,2025,Golden Globe,2,acting,Baby Reindeer
Jessie Buckley,Oscar,2022,Oscar,1,acting,The Lost Daughter
Joachim Trier,Oscar,2022,Oscar,1,writing,The Worst Person in the World
Joan Scanlan,BAFTA,2022,BAFTA,2,acting,After Love
Joaquin Phoenix,Golden Globe,2024,Golden Globe,1,acting,Beau is Afraid
Jodie Foster,Oscar,2024,Oscar,1,acting,Nyad
Jodie Foster,Golden Globe,2024,Golden Globe,1,acting,Nyad
Jodie Foster,Golden Globe,2025,Golden Globe,2,acting,True Detective: Night Country
"John ""Divine G"" Whitfield",Oscar,2025,Oscar,1,writing,Sing Sing
"John ""Divine G"" Whitfield",BAFTA,2025,BAFTA,1,writing,Sing Sing
John Lithgow,Golden Globe,2023,Golden Globe,1,acting,The Old Man
John Turturro,Golden Globe,2023,Golden Globe,1,acting,Severance
Jon Hamm,Golden Globe,2024,Golden Globe,1,acting,Fargo
Jon Spaihts,Oscar,2022,Oscar,1,writing,Dune
Jon Spaihts,BAFTA,2022,BAFTA,1,writing,Dune
Jonathan Glazer,Oscar,2024,Oscar,1,directing,The Zone of Interest
Jonathan Glazer,BAFTA,2024,BAFTA,1,directing,The Zone of Interest
Jonathan Glazer,Oscar,2024,Oscar,1,writing,The Zone of Interest
Jonathan Glazer,BAFTA,2024,BAFTA,1,writing,The Zone of Interest
Jonathan Pryce,Golden Globe,2023,Golden Globe,1,acting,The Crown
Josh Singer,Oscar,2024,Oscar,1,writing,Maestro
Josh Singer,BAFTA,2024,BAFTA,1,writing,Maestro
Joslyn Barnes,Oscar,2025,Oscar,1,writing,Nickel Boys
Joslyn Barnes,BAFTA,2025,BAFTA,1,writing,Nickel Boys
Judd Hirsch,Oscar,2023,Oscar,1,acting,The Fabelmans
Judi Dench,Oscar,2022,Oscar,1,acting,Belfast
Julia Ducouru,BAFTA,2022,BAFTA,1,directing,Titane
Julia Garner,Golden Globe,2023,Golden Globe,2,acting,Ozark
Julia Roberts,Golden Globe,2023,Golden Globe,1,acting,Gaslit
Julianne Moore,Golden Globe,2024,Golden Globe,1,acting,May December
Juno Temple,Golden Globe,2024,Golden Globe,1,acting,Fargo
Justin Marks,Oscar,2023,Oscar,1,writing,Top Gun: Maverick
Justine Triet,Oscar,2024,Oscar,1,directing,Anatomy of a Fall
Justine Triet,BAFTA,2024,BAFTA,1,directing,Anatomy of a Fall
Justine Triet,Oscar,2024,Oscar,2,writing,Anatomy of a Fall
Justine Triet,Golden Globe,2024,Golden Globe,2,writing,Anatomy of a Fall
Justine Triet,BAFTA,2024,BAFTA,2,writing,Anatomy of a Fall
Kaitlyn Dever,Golden Globe,2022,Golden Globe,1,acting,Dopesick
Kaley Cuoco,Golden Globe,2023,Golden Globe,1,acting,The Flight Attendant
Kali Reis,Golden Globe,2025,Golden Globe,1,acting,True Detective: Night Country
Karla Sofía Gascón,Oscar,2025,Oscar,1,acting,Emilia Pérez
Karla Sofía Gascón,Golden Globe,2025,Golden Globe,1,acting,Emilia Pérez
Karla Sofía Gascón,BAFTA,2025,BAFTA,1,acting,Emilia Pérez
Kate Winslet,Golden Globe,2025,Golden Globe,1,acting,Lee
Kate Winslet,Golden Globe,2022,Golden Globe,2,acting,Mare of Easttown
Kate Winslet,Golden Globe,2025,Golden Globe,1,acting,The Regime
Kathryn Hahn,Golden Globe,2025,Golden Globe,1,acting,Agatha All Along
Kathy Bates,Golden Globe,2025,Golden Globe,1,acting,Matlock (2024 TV Series)
Kazuo Ishiguro,Oscar,2023,Oscar,1,writing,Living
Kazuo Ishiguro,BAFTA,2023,BAFTA,1,writing,Living
Ke Huy Quan,Oscar,2023,Oscar,2,acting,Everything Everywhere All at Once
Ke Huy Quan,Golden Globe,2023,Golden Globe,2,acting,Everything Everywhere All at Once
Keira Knightley,Golden Globe,2025,Golden Globe,1,acting,Black Doves
Kenneth Bragh,Oscar,2022,Oscar,1,directing,Belfast
Kenneth Bragh,Golden Globe,2022,Golden Globe,1,directing,Belfast
Kenneth Bragh,Oscar,2022,Oscar,2,writing,Belfast
Kenneth Bragh,Golden Globe,2022,Golden Globe,2,writing,Belfast
Kenneth Bragh,BAFTA,2022,BAFTA,1,writing,Belfast
Keri Russell,Golden Globe,2025,Golden Globe,1,acting,The Diplomat
Keri Russell,Golden Globe,2024,Golden Globe,1,acting,The Diplomat
Kerry Condon,Oscar,2023,Oscar,1,acting,The Banshees of Inisherin
Kerry Condon,Golden Globe,2023,Golden Globe,1,acting,The Banshees of Inisherin
Kevin Costner,Golden Globe,2023,Golden Globe,2,acting,Yellowstone
Kevin Kline,Golden Globe,2025,Golden Globe,1,acting,Disclaimer
Kieran Culkin,Oscar,2025,Oscar,2,acting,A Real Pain
Kieran Culkin,Golden Globe,2025,Golden Globe,2,acting,A Real Pain
Kieran Culkin,Golden Globe,2024,Golden Globe,2,acting,Succession
Kieran Culkin,Golden Globe,2022,Golden Globe,1,acting,Succession
Kirsten Dunst,Oscar,2022,Oscar,1,acting,The Power of the Dog
Kirsten Dunst,Golden Globe,2022,Golden Globe,1,acting,The Power of the Dog
Kodi Smit-McPhee,Oscar,2022,Oscar,1,acting,The Power of the Dog
Kodi Smit-McPhee,Golden Globe,2022,Golden Globe,2,acting,The Power of the Dog
Kristen Bell,Golden Globe,2025,Golden Globe,1,acting,Nobody Wants This
Kristen Stewart,Oscar,2022,Oscar,1,acting,Spencer
Kristen Stewart,Golden Globe,2022,Golden Globe,1,acting,Spencer
Lady Gaga,Golden Globe,2022,Golden Globe,1,acting,House of Gucci
Lady Gaga,BAFTA,2022,BAFTA,1,acting,House of Gucci
Laura Linney,Golden Globe,2023,Golden Globe,1,acting,Ozark
Léa Mysius,Oscar,2025,Oscar,1,writing,Emilia Pérez
Lee Jung-jae,Golden Globe,2022,Golden Globe,1,acting,Squid Game
Leonardo DiCaprio,Golden Globe,2022,Golden Globe,1,acting,Don't Look Up
Leonardo DiCaprio,BAFTA,2022,BAFTA,1,acting,Don't Look Up
Leonardo DiCaprio,Golden Globe,2024,Golden Globe,1,acting,Killers of the Flower Moon
Lesley Manville,Golden Globe,2023,Golden Globe,1,acting,Mrs. Harris Goes to Paris
Lesley Paterson,Oscar,2023,Oscar,1,writing,All Quiet on the Western Front
Lesley Paterson,BAFTA,2023,BAFTA,2,writing,All Quiet on the Western Front
Liam Óg Ó HAnidh,BAFTA,2025,BAFTA,1,writing,Kneecap
Lily Gladstone,Oscar,2024,Oscar,1,acting,Killers of the Flower Moon
Lily Gladstone,Golden Globe,2024,Golden Globe,2,acting,Killers of the Flower Moon
Lily James,Golden Globe,2023,Golden Globe,1,acting,Pam & Tommy
Liza Colón-Zayas,Golden Globe,2025,Golden Globe,1,acting,The Bear
Maggie Gyllenhaal,Golden Globe,2022,Golden Globe,1,directing,The Lost Daughter
Maggie Gyllenhaal,Oscar,2022,Oscar,1,writing,The Lost Daughter
Maggie Gyllenhaal,BAFTA,2022,BAFTA,1,writing,The Lost Daughter
Mahershala Ali,Golden Globe,2022,Golden Globe,1,acting,Swan Song
Mahershala Ali,BAFTA,2022,BAFTA,1,acting,Swan Song
Margaret Qualley,Golden Globe,2022,Golden Globe,1,acting,Maid
Margaret Qualley,Golden Globe,2025,Golden Globe,1,acting,The Substance
Margot Robbie,Golden Globe,2023,Golden Globe,1,acting,Babylon
Margot Robbie,Golden Globe,2024,Golden Globe,1,acting,Barbie
Margot Robbie,BAFTA,2024,BAFTA,1,acting,Barbie
Marianne Jean-Baptiste,BAFTA,2025,BAFTA,1,acting,Hard Truths
Marion Cotillard,Golden Globe,2022,Golden Globe,1,acting,Annette
Mark Duplass,Golden Globe,2022,Golden Globe,1,acting,The Morning Show
Mark Ruffalo,Oscar,2024,Oscar,1,acting,Poor Things
Mark Ruffalo,Golden Globe,2024,Golden Globe,1,acting,Poor Things
Martin McDonagh,Oscar,2023,Oscar,1,directing,The Banshees of Inisherin
Martin McDonagh,Golden Globe,2023,Golden Globe,1,directing,The Banshees of Inisherin
Martin McDonagh,BAFTA,2023,BAFTA,1,directing,The Banshees of Inisherin
Martin McDonagh,Oscar,2023,Oscar,1,writing,The Banshees of Inisherin
Martin McDonagh,Golden Globe,2023,Golden Globe,2,writing,The Banshees of Inisherin
Martin McDonagh,BAFTA,2023,BAFTA,2,writing,The Banshees of Inisherin
Martin Scorsese,Oscar,2024,Oscar,1,directing,Killers of the Flower Moon
Martin Scorsese,Golden Globe,2024,Golden Globe,1,directing,Killers of the Flower Moon
Martin Scorsese,Golden Globe,2024,Golden Globe,1,writing,Killers of the Flower Moon
Martin Short,Golden Globe,2025,Golden Globe,1,acting,Only Murders in the Building
Martin Short,Golden Globe,2024,Golden Globe,1,acting,Only Murders in the Building
Martin Short,Golden Globe,2023,Golden Globe,1,acting,Only Murders in the Building
Martin Short,Golden Globe,2022,Golden Globe,1,acting,Only Murders in the Building
Matt Bomer,Golden Globe,2024,Golden Globe,1,acting,Fellow Travelers
Matt Damon,Golden Globe,2024,Golden Globe,1,acting,Air
Matthew Macfadyen,Golden Globe,2024,Golden Globe,2,acting,Succession
Maya Erskine,Golden Globe,2025,Golden Globe,1,acting,Mr. & Mrs. Smith
Meryl Streep,Golden Globe,2024,Golden Globe,1,acting,Only Murders in the Building
Michael Keaton,Golden Globe,2022,Golden Globe,2,acting,Dopesick
Michaela Jaé Rodriguez,Golden Globe,2022,Golden Globe,2,acting,Pose
Michelle Williams,Oscar,2023,Oscar,1,acting,The Fabelmans
Michelle Williams,Golden Globe,2023,Golden Globe,1,acting,The Fabelmans
Michelle Yeoh,Oscar,2023,Oscar,2,acting,Everything Everywhere All at Once
Michelle Yeoh,Golden Globe,2023,Golden Globe,2,acting,Everything Everywhere All at Once
Michelle Yeoh,BAFTA,2023,BAFTA,1,acting,Everything Everywhere All at Once
Mikey Madison,Oscar,2025,Oscar,2,acting,Anora
Mikey Madison,Golden Globe,2025,Golden Globe,1,acting,Anora
Mikey Madison,BAFTA,2025,BAFTA,2,acting,Anora
Mona Fastvold,Oscar,2025,Oscar,1,writing,The Brutalist
Mona Fastvold,Golden Globe,2025,Golden Globe,1,writing,The Brutalist
Mona Fastvold,BAFTA,2025,BAFTA,1,writing,The Brutalist
Monica Barbaro,Oscar,2025,Oscar,1,acting,A Complete Unknown
Moritz Binder,Oscar,2025,Oscar,1,writing,September 5
Naoise Ó Cairealláin,BAFTA,2025,BAFTA,1,writing,Kneecap
Naomi Watts,Golden Globe,2025,Golden Globe,1,acting,Feud: Capote vs. The Swans
Natalie Portman,Golden Globe,2024,Golden Globe,1,acting,May December
Natasha Lyonne,Golden Globe,2024,Golden Globe,1,acting,Poker Face
Nicholas Hoult,Golden Globe,2022,Golden Globe,1,acting,The Great
Nicolas Cage,Golden Globe,2024,Golden Globe,1,acting,Dream Scenario
Nicolas Livecchi,Oscar,2025,Oscar,1,writing,Emilia Pérez
Nicole Kidman,Golden Globe,2025,Golden Globe,1,acting,Babygirl
Nicole Kidman,Oscar,2022,Oscar,1,acting,Being the Ricardos
Nicole Kidman,Golden Globe,2022,Golden Globe,2,acting,Being the Ricardos
Niecy Nash-Betts,Golden Globe,2023,Golden Globe,1,acting,Dahmer - Monster: The Jeffrey Dahmer Story
Noah Baumbach,Oscar,2024,Oscar,1,writing,Barbie
Noah Baumbach,Golden Globe,2024,Golden Globe,1,writing,Barbie
Noah Baumbach,BAFTA,2024,BAFTA,1,writing,Barbie
Oh Young-soo,Golden Globe,2022,Golden Globe,2,acting,Squid Game
Olivia Colman,Golden Globe,2023,Golden Globe,1,acting,Empire of Light
Olivia Colman,Oscar,2022,Oscar,1,acting,The Lost Daughter
Olivia Colman,Golden Globe,2022,Golden Globe,1,acting,The Lost Daughter
Omar Sy,Golden Globe,2022,Golden Globe,1,acting,Lupin
Oscar Isaac,Golden Globe,2022,Golden Globe,1,acting,Scenes from a Marriage
Pamela Anderson,Golden Globe,2025,Golden Globe,1,acting,The Last Showgirl
Park Chan-wook,BAFTA,2023,BAFTA,1,directing,Decision to Leave
Paul Bettany,Golden Globe,2022,Golden Globe,1,acting,WandaVision
Paul Giamatti,Oscar,2024,Oscar,1,acting,The Holdovers
Paul Giamatti,Golden Globe,2024,Golden Globe,2,acting,The Holdovers
Paul Giamatti,BAFTA,2024,BAFTA,1,acting,The Holdovers
Paul Mescal,Oscar,2023,Oscar,1,acting,Aftersun
Paul Mescal,BAFTA,2023,BAFTA,1,acting,Aftersun
Paul Thomas Anderson,Oscar,2022,Oscar,1,directing,Licorice Pizza
Paul Thomas Anderson,BAFTA,2022,BAFTA,1,directing,Licorice Pizza
Paul Thomas Anderson,Oscar,2022,Oscar,1,writing,Licorice Pizza
Paul Thomas Anderson,Golden Globe,2022,Golden Globe,1,writing,Licorice Pizza
Paul Thomas Anderson,BAFTA,2022,BAFTA,2,writing,Licorice Pizza
Paul Walter Hauser,Golden Globe,2023,Golden Globe,2,acting,Black Bird
Payal Kapadia,Golden Globe,2025,Golden Globe,1,directing,All We Imagine as Light
Pedro Pascal,Golden Globe,2024,Golden Globe,1,acting,The Last of Us
Penélope Cruz,Oscar,2022,Oscar,1,acting,Parallel Mothers
Peter Craig,Oscar,2023,Oscar,1,writing,Top Gun: Maverick
Peter Dinklage,Golden Globe,2022,Golden Globe,1,acting,Cyrano
Peter Straughan,Oscar,2025,Oscar,2,writing,Conclave
Peter Straughan,Golden Globe,2025,Golden Globe,2,writing,Conclave
Peter Straughan,BAFTA,2025,BAFTA,2,writing,Conclave
Quinta Brunson,Golden Globe,2025,Golden Globe,1,acting,Abbott Elementary
Quinta Brunson,Golden Globe,2024,Golden Globe,1,acting,Abbott Elementary
Quinta Brunson,Golden Globe,2023,Golden Globe,2,acting,Abbott Elementary
Rachel Brosnahan,Golden Globe,2024,Golden Globe,1,acting,The Marvelous Mrs. Maisel
Rachel Weisz,Golden Globe,2024,Golden Globe,1,acting,Dead Ringers
Rachel Zegler,Golden Globe,2022,Golden Globe,2,acting,West Side Story (2021)
Ralph Fiennes,Oscar,2025,Oscar,1,acting,Conclave
Ralph Fiennes,Golden Globe,2025,Golden Globe,1,acting,Conclave
Ralph Fiennes,BAFTA,2025,BAFTA,1,acting,Conclave
Ralph Fiennes,Golden Globe,2023,Golden Globe,1,acting,The Menu
RaMell Ross,Oscar,2025,Oscar,1,writing,Nickel Boys
RaMell Ross,BAFTA,2025,BAFTA,1,writing,Nickel Boys
Rebecca Lenkiewicz,BAFTA,2023,BAFTA,1,writing,She Said
Rete Reinsve,BAFTA,2022,BAFTA,1,acting,The Worst Person in the World
Rian Johnson,Oscar,2023,Oscar,1,writing,Glass Onion: A Knives Out Mystery
Rich Peppiatt,BAFTA,2025,BAFTA,1,writing,Kneecap
Richard Gadd,Golden Globe,2025,Golden Globe,1,acting,Baby Reindeer
Richard Jenkins,Golden Globe,2023,Golden Globe,1,acting,Dahmer - Monster: The Jeffrey Dahmer Story
Riley Keough,Golden Globe,2024,Golden Globe,1,acting,Daisy Jones and the Six
Robert De Niro,Oscar,2024,Oscar,1,acting,Killers of the Flower Moon
Robert De Niro,Golden Globe,2024,Golden Globe,1,acting,Killers of the Flower Moon
Robert Downey Jr.,Oscar,2024,Oscar,2,acting,Oppenheimer
Robert Downey Jr.,Golden Globe,2024,Golden Globe,2,acting,Oppenheimer
Rosamund Pike,Golden Globe,2024,Golden Globe,1,acting,Saltburn
Ruben Östlund,Oscar,2023,Oscar,1,directing,Triangle of Sadness
Ruben Östlund,Oscar,2023,Oscar,1,writing,Triangle of Sadness
Ruben Östlund,BAFTA,2023,BAFTA,1,writing,Triangle of Sadness
Ruth Negga,Golden Globe,2022,Golden Globe,1,acting,Passing
Ryan Gosling,Oscar,2024,Oscar,1,acting,Barbie
Ryan Gosling,Golden Globe,2024,Golden Globe,1,acting,Barbie
Ryusuke Hamaguchi,Oscar,2022,Oscar,1,directing,Drive My Car
Ryusuke Hamaguchi,Oscar,2022,Oscar,1,writing,Drive My Car
Ryūsuke Hamaguchi,BAFTA,2022,BAFTA,1,directing,Drive My Car
Ryūsuke Hamaguchi,BAFTA,2022,BAFTA,1,writing,Drive My Car
Sam Claflin,Golden Globe,2024,Golden Globe,1,acting,Daisy Jones and the Six
Samuel D Hunter,BAFTA,2023,BAFTA,1,writing,The Whale
Samy Burch,Oscar,2024,Oscar,1,writing,May December
Sandra Hüller,Oscar,2024,Oscar,1,acting,Anatomy of a Fall
Sandra Hüller,Golden Globe,2024,Golden Globe,1,acting,Anatomy of a Fall
Sandra Hüller,BAFTA,2024,BAFTA,1,acting,Anatomy of a Fall
Saoirse Ronan,BAFTA,2025,BAFTA,1,acting,The Outrun
Sarah Polley,Oscar,2023,Oscar,2,writing,Women Talking
Sarah Polley,Golden Globe,2023,Golden Globe,1,writing,Women Talking
Sarah Snook,Golden Globe,2024,Golden Globe,2,acting,Succession
Sarah Snook,Golden Globe,2022,Golden Globe,2,acting,Succession
Sean Baker,Oscar,2025,Oscar,2,directing,Anora
Sean Baker,Golden Globe,2025,Golden Globe,1,directing,Anora
Sean Baker,BAFTA,2025,BAFTA,1,directing,Anora
Sean Baker,Oscar,2025,Oscar,2,writing,Anora
Sean Baker,Golden Globe,2025,Golden Globe,1,writing,Anora
Sean Baker,BAFTA,2025,BAFTA,1,writing,Anora
Sebastian Stan,Golden Globe,2025,Golden Globe,2,acting,A Different Man
Sebastian Stan,Golden Globe,2023,Golden Globe,1,acting,Pam & Tommy
Sebastian Stan,Oscar,2025,Oscar,1,acting,The Apprentice
Sebastian Stan,Golden Globe,2025,Golden Globe,1,acting,The Apprentice
Sebastian Stan,BAFTA,2025,BAFTA,1,acting,The Apprentice
Selena Gomez,Golden Globe,2025,Golden Globe,1,acting,Emilia Pérez
Selena Gomez,Golden Globe,2025,Golden Globe,1,acting,Only Murders in the Building
Selena Gomez,Golden Globe,2024,Golden Globe,1,acting,Only Murders in the Building
Selena Gomez,Golden Globe,2023,Golden Globe,1,acting,Only Murders in the Building
Seth Rogen,Golden Globe,2023,Golden Globe,1,acting,Pam & Tommy
Sheryl Lee Ralph,Golden Globe,2023,Golden Globe,1,acting,Abbott Elementary
Siân Heder,Oscar,2022,Oscar,2,writing,CODA
Siân Heder,BAFTA,2022,BAFTA,2,writing,CODA
Sofía Vergara,Golden Globe,2025,Golden Globe,1,acting,Griselda
Stephanie Hsu,Oscar,2023,Oscar,1,acting,Everything Everywhere All at Once
Stephen Graham,BAFTA,2022,BAFTA,1,acting,Boiling Point
Sterling K. Brown,Oscar,2024,Oscar,1,acting,American Fiction
Steve Martin,Golden Globe,2025,Golden Globe,1,acting,Only Murders in the Building
Steve Martin,Golden Globe,2024,Golden Globe,1,acting,Only Murders in the Building
Steve Martin,Golden Globe,2023,Golden Globe,1,acting,Only Murders in the Building
Steve Martin,Golden Globe,2022,Golden Globe,1,acting,Only Murders in the Building
Steven Spielberg,Oscar,2023,Oscar,1,directing,The Fabelmans
Steven Spielberg,Golden Globe,2023,Golden Globe,2,directing,The Fabelmans
Steven Spielberg,Oscar,2023,Oscar,1,writing,The Fabelmans
Steven Spielberg,Golden Globe,2023,Golden Globe,1,writing,The Fabelmans
Steven Spielberg,BAFTA,2023,BAFTA,1,writing,The Fabelmans
Steven Spielberg,Oscar,2022,Oscar,1,directing,West Side Story (2021)
Steven Spielberg,Golden Globe,2022,Golden Globe,1,directing,West Side Story (2021)
Steven Yeun,Golden Globe,2024,Golden Globe,2,acting,Beef
Tadanobu Asano,Golden Globe,2025,Golden Globe,2,acting,Shogun
Tahar Rahim,Golden Globe,2022,Golden Globe,1,acting,The Serpent
Takamasa Oe,Oscar,2022,Oscar,1,writing,Drive My Car
Takamasa Oe,BAFTA,2022,BAFTA,1,writing,Drive My Car
Taron Egerton,Golden Globe,2023,Golden Globe,1,acting,Black Bird
Ted Danson,Golden Globe,2025,Golden Globe,1,acting,A Man on the Inside
Teo Yoo,BAFTA,2024,BAFTA,1,acting,Past Lives
Tessa Thompson,BAFTA,2022,BAFTA,1,acting,Passing
Thomas Bidegain,Oscar,2025,Oscar,1,writing,Emilia Pérez
Tilda Swinton,Golden Globe,2025,Golden Globe,1,acting,The Room Next Door
Tim Fehlbaum,Oscar,2025,Oscar,1,writing,September 5
Timothée Chalamet,Oscar,2025,Oscar,1,acting,A Complete Unknown
Timothée Chalamet,Golden Globe,2025,Golden Globe,1,acting,A Complete Unknown
Timothée Chalamet,BAFTA,2025,BAFTA,1,acting,A Complete Unknown
Timothée Chalamet,Golden Globe,2024,Golden Globe,1,acting,Wonka
Todd Field,Oscar,2023,Oscar,1,directing,TÁR
Todd Field,Oscar,2023,Oscar,1,writing,TÁR
Todd Field,Golden Globe,2023,Golden Globe,1,writing,TÁR
Todd Field,BAFTA,2023,BAFTA,1,directing,TÁR
Todd Field,BAFTA,2023,BAFTA,1,writing,TÁR
Tony Kushner,Oscar,2023,Oscar,1,writing,The Fabelmans
Tony Kushner,Golden Globe,2023,Golden Globe,1,writing,The Fabelmans
Tony Kushner,BAFTA,2023,BAFTA,1,writing,The Fabelmans
Tony Mcmara,Oscar,2024,Oscar,1,writing,Poor Things
Tony Mcmara,Golden Globe,2024,Golden Globe,1,writing,Poor Things
Tony Mcmara,BAFTA,2024,BAFTA,1,writing,Poor Things
Tracee Ellis Ross,Golden Globe,2022,Golden Globe,1,acting,Black-ish
Troy Kotsur,Oscar,2022,Oscar,1,acting,CODA
Troy Kotsur,Golden Globe,2022,Golden Globe,1,acting,CODA
Tyler Williams,Golden Globe,2023,Golden Globe,2,acting,Abbott Elementary
Uzo Aduba,Golden Globe,2022,Golden Globe,1,acting,In Treatment
Viola Davis,Golden Globe,2023,Golden Globe,1,acting,The Woman King
Viola Davis,BAFTA,2023,BAFTA,1,acting,The Woman King
Vivian Oparah,BAFTA,2024,BAFTA,1,acting,Rye Lane
Will Smith,Oscar,2022,Oscar,2,acting,King Richard
Will Smith,Golden Globe,2022,Golden Globe,2,acting,King Richard
Will Smith,BAFTA,2022,BAFTA,2,acting,King Richard
Willem Dafoe,Golden Globe,2024,Golden Globe,1,acting,Poor Things
Woody Harrelson,Golden Globe,2024,Golden Globe,1,acting,White House Plumbers
Yorgos Lanthimos,Oscar,2024,Oscar,1,directing,Poor Things
Yorgos Lanthimos,Golden Globe,2024,Golden Globe,1,directing,Poor Things
Yura Borisov,Oscar,2025,Oscar,1,acting,Anora
Yura Borisov,Golden Globe,2025,Golden Globe,1,acting,Anora
Zach Baylin,Oscar,2022,Oscar,1,writing,King Richard
Zach Baylin,BAFTA,2022,BAFTA,1,writing,King Richard
Zendaya,Golden Globe,2025,Golden Globe,1,acting,Challengers
Zendaya,Golden Globe,2023,Golden Globe,2,acting,Euphoria
Zoe Saldaña,Oscar,2025,Oscar,2,acting,Emilia Pérez
Zoe Saldaña,Golden Globe,2025,Golden Globe,2,acting,Emilia Pérez